full_name,conference,division,team,position,age,birthday,Team,Division,Conferece,AFC EAST,AFC NORTH,AFC WEST,AFC SOUTH,NFC EAST,NFC NORTH,NFC WEST,NFC SOUTH
Jonathan Taylor,AFC,AFC SOUTH,IND,RB,23,1/19/1999,BUF,AFC EAST,AFC,BUF,CIN,KC,IND,DAL,GB,TB,LAR
Austin Ekeler,AFC,AFC WEST,LAC,RB,26,1995-05-17,NE,AFC EAST,AFC,NE,PIT,LV,TEN,PHI,MIN,NO,ARI
Derrick Henry,AFC,AFC SOUTH,TEN,RB,28,1994-01-04,MIA,AFC EAST,AFC,MIA,CLE,LAC,HOU,WAS,CHI,ATL,SF
Christian McCaffrey,NFC,NFC SOUTH,CAR,RB,25,1996-06-07,NYJ,AFC EAST,AFC,NYJ,BAL,DEN,JAX,NYG,DET,CAR,SEA
Dalvin Cook,NFC,NFC NORTH,MIN,RB,26,1995-08-10,CIN,AFC NORTH,AFC,,,,,,,,
Cooper Kupp,NFC,NFC WEST,LAR,WR,28,1993-06-15,PIT,AFC NORTH,AFC,,,,,,,,
Najee Harris,AFC,AFC NORTH,PIT,RB,24,1998-03-09,CLE,AFC NORTH,AFC,,,,,,,,
Davante Adams,AFC,AFC WEST,LV,WR,29,1992-12-24,BAL,AFC NORTH,AFC,,,,,,,,
Cam Akers,NFC,NFC WEST,LAR,RB,22,1999-06-22,KC,AFC WEST,AFC,,,,,,,,
Justin Jefferson,NFC,NFC NORTH,MIN,WR,22,1999-06-16,LV,AFC WEST,AFC,,,,,,,,
Joe Mixon,AFC,AFC NORTH,CIN,RB,25,1996-07-24,LAC,AFC WEST,AFC,,,,,,,,
Tyreek Hill,AFC,AFC EAST,MIA,WR,28,1994-03-01,DEN,AFC WEST,AFC,,,,,,,,
Ja'Marr Chase,AFC,AFC NORTH,CIN,WR,22,2000-03-01,IND,AFC SOUTH,AFC,,,,,,,,
Stefon Diggs,AFC,AFC EAST,BUF,WR,28,1993-11-29,TEN,AFC SOUTH,AFC,,,,,,,,
D'Andre Swift,NFC,NFC NORTH,DET,RB,23,1999-01-14,HOU,AFC SOUTH,AFC,,,,,,,,
Javonte Williams,AFC,AFC WEST,DEN,RB,21,2000-04-25,JAX,AFC SOUTH,AFC,,,,,,,,
Alvin Kamara,NFC,NFC SOUTH,NO,RB,26,1995-07-25,DAL,NFC EAST,NFC,,,,,,,,
Travis Kelce,AFC,AFC WEST,KC,TE,32,1989-10-05,PHI,NFC EAST,NFC,,,,,,,,
Josh Allen,AFC,AFC EAST,BUF,QB,25,1996-05-21,WAS,NFC EAST,NFC,,,,,,,,
Deebo Samuel,NFC,NFC WEST,SF,WR,26,1996-01-15,NYG,NFC EAST,NFC,,,,,,,,
Mark Andrews,AFC,AFC NORTH,BAL,TE,26,1995-09-06,GB,NFC NORTH,NFC,,,,,,,,
A.J. Brown,AFC,AFC SOUTH,TEN,WR,24,1997-06-30,MIN,NFC NORTH,NFC,,,,,,,,
Jaylen Waddle,AFC,AFC EAST,MIA,WR,23,1998-11-25,CHI,NFC NORTH,NFC,,,,,,,,
CeeDee Lamb,NFC,NFC EAST,DAL,WR,22,1999-04-08,DET,NFC NORTH,NFC,,,,,,,,
Nick Chubb,AFC,AFC NORTH,CLE,RB,26,1995-12-27,TB,NFC SOUTH,NFC,,,,,,,,
Antonio Gibson,NFC,NFC EAST,WAS,RB,23,1998-06-23,NO,NFC SOUTH,NFC,,,,,,,,
Keenan Allen,AFC,AFC WEST,LAC,WR,29,1992-04-27,ATL,NFC SOUTH,NFC,,,,,,,,
Saquon Barkley,NFC,NFC EAST,NYG,RB,25,1997-02-09,CAR,NFC SOUTH,NFC,,,,,,,,
Diontae Johnson,AFC,AFC NORTH,PIT,WR,25,1996-07-05,LAR,NFC WEST,NFC,,,,,,,,
David Montgomery,NFC,NFC NORTH,CHI,RB,24,1997-06-07,ARI,NFC WEST,NFC,,,,,,,,
Kyle Pitts,NFC,NFC SOUTH,ATL,TE,21,2000-10-06,SF,NFC WEST,NFC,,,,,,,,
Tee Higgins,AFC,AFC NORTH,CIN,WR,23,1999-01-18,SEA,NFC WEST,NFC,,,,,,,,
Aaron Jones,NFC,NFC NORTH,GB,RB,27,1994-12-02,,,,,,,,,,,
D.K. Metcalf,NFC,NFC WEST,SEA,WR,24,1997-12-14,,,,,,,,,,,
Mike Evans,NFC,NFC SOUTH,TB,WR,28,1993-08-21,,,,,,,,,,,
DeAndre Hopkins,NFC,NFC WEST,ARI,WR,29,1992-06-06,,,,,,,,,,,
Chris Godwin,NFC,NFC SOUTH,TB,WR,26,1996-02-27,,,,,,,,,,,
Patrick Mahomes II,AFC,AFC WEST,KC,QB,26,1995-09-17,,,,,,,,,,,
George Kittle,NFC,NFC WEST,SF,TE,28,1993-10-09,,,,,,,,,,,
DJ Moore,NFC,NFC SOUTH,CAR,WR,24,1997-04-14,,,,,,,,,,,
Ezekiel Elliott,NFC,NFC EAST,DAL,RB,26,1995-07-22,,,,,,,,,,,
Elijah Mitchell,NFC,NFC WEST,SF,RB,23,1998-05-02,,,,,,,,,,,
Josh Jacobs,AFC,AFC WEST,LV,RB,24,1998-02-11,,,,,,,,,,,
Terry McLaurin,NFC,NFC EAST,WAS,WR,26,1995-09-15,,,,,,,,,,,
Leonard Fournette,NFC,NFC SOUTH,TB,RB,27,1995-01-18,,,,,,,,,,,
Michael Pittman Jr.,AFC,AFC SOUTH,IND,WR,24,1997-10-05,,,,,,,,,,,
Brandin Cooks,AFC,AFC SOUTH,HOU,WR,28,1993-09-25,,,,,,,,,,,
Darren Waller,AFC,AFC WEST,LV,TE,29,1992-09-13,,,,,,,,,,,
Hunter Renfrow,AFC,AFC WEST,LV,WR,26,1995-12-21,,,,,,,,,,,
Elijah Moore,AFC,AFC EAST,NYJ,WR,22,2000-03-27,,,,,,,,,,,
Tyler Lockett,NFC,NFC WEST,SEA,WR,29,1992-09-28,,,,,,,,,,,
J.K. Dobbins,AFC,AFC NORTH,BAL,RB,23,1998-12-17,,,,,,,,,,,
Justin Herbert,AFC,AFC WEST,LAC,QB,24,1998-03-10,,,,,,,,,,,
Jerry Jeudy,AFC,AFC WEST,DEN,WR,22,1999-04-24,,,,,,,,,,,
Michael Carter,AFC,AFC EAST,NYJ,RB,22,1999-05-07,,,,,,,,,,,
AJ Dillon,NFC,NFC NORTH,GB,RB,23,1998-05-02,,,,,,,,,,,
Amari Cooper,AFC,AFC NORTH,CLE,WR,27,1994-06-17,,,,,,,,,,,
Kyler Murray,NFC,NFC WEST,ARI,QB,24,1997-08-07,,,,,,,,,,,
Amon-Ra St. Brown,NFC,NFC NORTH,DET,WR,22,1999-10-24,,,,,,,,,,,
Lamar Jackson,AFC,AFC NORTH,BAL,QB,25,1997-01-07,,,,,,,,,,,
DeVonta Smith,NFC,NFC EAST,PHI,WR,23,1998-11-14,,,,,,,,,,,
Clyde Edwards-Helaire,AFC,AFC WEST,KC,RB,22,1999-04-11,,,,,,,,,,,
T.J. Hockenson,NFC,NFC NORTH,DET,TE,24,1997-07-03,,,,,,,,,,,
Joe Burrow,AFC,AFC NORTH,CIN,QB,25,1996-12-10,,,,,,,,,,,
Miles Sanders,NFC,NFC EAST,PHI,RB,24,1997-05-01,,,,,,,,,,,
Damien Harris,AFC,AFC EAST,NE,RB,25,1997-02-11,,,,,,,,,,,
James Conner,NFC,NFC WEST,ARI,RB,26,1995-05-05,,,,,,,,,,,
Darnell Mooney,NFC,NFC NORTH,CHI,WR,24,1997-10-29,,,,,,,,,,,
Dallas Goedert,NFC,NFC EAST,PHI,TE,27,1995-01-03,,,,,,,,,,,
Adam Thielen,NFC,NFC NORTH,MIN,WR,31,1990-08-22,,,,,,,,,,,
Marquise Brown,AFC,AFC NORTH,BAL,WR,24,1997-06-04,,,,,,,,,,,
Devin Singletary,AFC,AFC EAST,BUF,RB,24,1997-09-03,,,,,,,,,,,
Allen Robinson II,NFC,NFC NORTH,CHI,WR,28,1993-08-24,,,,,,,,,,,
Courtland Sutton,AFC,AFC WEST,DEN,WR,26,1995-10-10,,,,,,,,,,,
Aaron Rodgers,NFC,NFC NORTH,GB,QB,38,1983-12-02,,,,,,,,,,,
Robert Woods,AFC,AFC SOUTH,TEN,WR,29,1992-04-10,,,,,,,,,,,
Brandon Aiyuk,NFC,NFC WEST,SF,WR,24,1998-03-17,,,,,,,,,,,
Dak Prescott,NFC,NFC EAST,DAL,QB,28,1993-07-29,,,,,,,,,,,
Kareem Hunt,AFC,AFC NORTH,CLE,RB,26,1995-08-06,,,,,,,,,,,
Mike Williams,AFC,AFC WEST,LAC,WR,27,1994-10-04,,,,,,,,,,,
Tony Pollard,NFC,NFC EAST,DAL,RB,24,1997-04-30,,,,,,,,,,,
Chase Claypool,AFC,AFC NORTH,PIT,WR,23,1998-07-07,,,,,,,,,,,
Rashod Bateman,AFC,AFC NORTH,BAL,WR,22,1999-11-29,,,,,,,,,,,
Chase Edmonds,AFC,AFC EAST,MIA,RB,25,1996-04-13,,,,,,,,,,,
Matthew Stafford,NFC,NFC WEST,LAR,QB,34,1988-02-07,,,,,,,,,,,
Travis Etienne Jr.,#N/A,#N/A,JAC,RB,23,1999-01-26,,,,,,,,,,,
Jalen Hurts,NFC,NFC EAST,PHI,QB,23,1998-08-07,,,,,,,,,,,
Kadarius Toney,NFC,NFC EAST,NYG,WR,23,1999-01-27,,,,,,,,,,,
Mike Gesicki,AFC,AFC EAST,MIA,TE,26,1995-10-03,,,,,,,,,,,
Rashaad Penny,NFC,NFC WEST,SEA,RB,26,1996-02-02,,,,,,,,,,,
Dawson Knox,AFC,AFC EAST,BUF,TE,25,1996-11-14,,,,,,,,,,,
Michael Thomas,NFC,NFC SOUTH,NO,WR,29,1993-03-03,,,,,,,,,,,
Russell Wilson,AFC,AFC WEST,DEN,QB,33,1988-11-29,,,,,,,,,,,
Pat Freiermuth,AFC,AFC NORTH,PIT,TE,23,1998-10-25,,,,,,,,,,,
Gabriel Davis,AFC,AFC EAST,BUF,WR,23,1999-04-01,,,,,,,,,,,
Melvin Gordon III,AFC,AFC WEST,DEN,RB,28,1993-04-13,,,,,,,,,,,
Deshaun Watson,AFC,AFC NORTH,CLE,QB,26,1995-09-14,,,,,,,,,,,
Trey Lance,NFC,NFC WEST,SF,QB,21,2000-05-09,,,,,,,,,,,